<?xml version="1.0" encoding="UTF-8"?>
<!DOCTYPE hibernate-mapping PUBLIC 
"-//Hibernate/Hibernate Mapping DTD 3.0//EN"
"http://hibernate.sourceforge.net/hibernate-mapping-3.0.dtd">

<hibernate-mapping>
    <class name="com.crudhibernate.model.Customer" table="customers">
        <id name="id" type="int" column="custId">
            <generator class="increment" />
        </id>
        <property name="firstName">
            <column name="cFirstName" />
        </property>
        <property name="lastName">
            <column name="cLastName" />
        </property>
        <property name="dob">
            <column name="Dob" />
        </property>
        <property name="email">
            <column name="cEmail" />
        </property>
    </class>
</hibernate-mapping>